{
  "dataset_summary": {
    "dataset_name": "UCI Individual Household Electric Power Consumption",
    "raw_rows": 1705949,
    "hourly_rows": 28801,
    "sequence_samples": 28610,
    "lookback_hours": 168,
    "max_history_days": 1200
  },
  "best_model": "lstm",
  "results": {
    "lstm": {
      "validation": {
        "mae": 0.5071795582771301,
        "rmse": 0.6837548638263221,
        "mape": 60.59913635253906,
        "horizon_mae": {
          "h_plus_1": 0.49752941727638245,
          "h_plus_6": 0.5014443397521973,
          "h_plus_12": 0.5057899951934814,
          "h_plus_24": 0.5038764476776123
        },
        "horizon_rmse": {
          "h_plus_1": 0.6576371971917832,
          "h_plus_6": 0.6837934147931348,
          "h_plus_12": 0.6836583570195128,
          "h_plus_24": 0.6869284030956486
        }
      },
      "test": {
        "mae": 0.40877509117126465,
        "rmse": 0.5753899133370964,
        "mape": 56.21244430541992,
        "horizon_mae": {
          "h_plus_1": 0.40959620475769043,
          "h_plus_6": 0.40312445163726807,
          "h_plus_12": 0.4063427150249481,
          "h_plus_24": 0.40761587023735046
        },
        "horizon_rmse": {
          "h_plus_1": 0.555809283596501,
          "h_plus_6": 0.569781121174397,
          "h_plus_12": 0.5777287027056048,
          "h_plus_24": 0.5797950490628309
        }
      }
    },
    "cnn_lstm": {
      "validation": {
        "mae": 0.5153742432594299,
        "rmse": 0.6962429421921513,
        "mape": 59.32485580444336,
        "horizon_mae": {
          "h_plus_1": 0.482921302318573,
          "h_plus_6": 0.5151792764663696,
          "h_plus_12": 0.5122986435890198,
          "h_plus_24": 0.5178669095039368
        },
        "horizon_rmse": {
          "h_plus_1": 0.6471539628398632,
          "h_plus_6": 0.7054560063458384,
          "h_plus_12": 0.6963192798108784,
          "h_plus_24": 0.7003368835766242
        }
      },
      "test": {
        "mae": 0.4179539680480957,
        "rmse": 0.5827190252620414,
        "mape": 55.755062103271484,
        "horizon_mae": {
          "h_plus_1": 0.3980177044868469,
          "h_plus_6": 0.41167041659355164,
          "h_plus_12": 0.4153003692626953,
          "h_plus_24": 0.4109729826450348
        },
        "horizon_rmse": {
          "h_plus_1": 0.5478569751274931,
          "h_plus_6": 0.5843067618935077,
          "h_plus_12": 0.584298983642919,
          "h_plus_24": 0.57858752744637
        }
      }
    }
  }
}