{
  "dataset_summary": {
    "dataset_name": "UCI Individual Household Electric Power Consumption",
    "raw_rows": 1029221,
    "hourly_rows": 17521,
    "supervised_rows": 17161,
    "max_history_days": 730
  },
  "best_model": "xgboost",
  "results": {
    "random_forest": {
      "validation": {
        "mae": 0.3963945513350177,
        "rmse": 0.5297528535883038,
        "mape": 59.47563142241169,
        "horizon_mae": {
          "h_plus_1": 0.300700539007343,
          "h_plus_6": 0.3956210263529166,
          "h_plus_12": 0.40175590926140914,
          "h_plus_24": 0.3992272361869299
        },
        "horizon_rmse": {
          "h_plus_1": 0.4346193119437735,
          "h_plus_6": 0.5344561384614218,
          "h_plus_12": 0.5361995830651204,
          "h_plus_24": 0.5332662943741557
        }
      },
      "test": {
        "mae": 0.4506538816976961,
        "rmse": 0.6126156295642758,
        "mape": 60.200605683813905,
        "horizon_mae": {
          "h_plus_1": 0.3345160142262958,
          "h_plus_6": 0.45907015328533174,
          "h_plus_12": 0.4548837936000051,
          "h_plus_24": 0.45424932279972163
        },
        "horizon_rmse": {
          "h_plus_1": 0.4795149073655895,
          "h_plus_6": 0.6201913571028033,
          "h_plus_12": 0.6171729818809218,
          "h_plus_24": 0.624316586045711
        }
      }
    },
    "xgboost": {
      "validation": {
        "mae": 0.38979164155920354,
        "rmse": 0.5318976480382367,
        "mape": 57.25911951420196,
        "horizon_mae": {
          "h_plus_1": 0.2758660781652784,
          "h_plus_6": 0.3946515508329663,
          "h_plus_12": 0.3996912713036846,
          "h_plus_24": 0.4021533476125612
        },
        "horizon_rmse": {
          "h_plus_1": 0.41541164628342736,
          "h_plus_6": 0.5390767399460429,
          "h_plus_12": 0.5456017325749016,
          "h_plus_24": 0.5414962505969482
        }
      },
      "test": {
        "mae": 0.4373802487009251,
        "rmse": 0.6059889198411604,
        "mape": 57.54543019131562,
        "horizon_mae": {
          "h_plus_1": 0.302220667928059,
          "h_plus_6": 0.44257035006347156,
          "h_plus_12": 0.447420002801515,
          "h_plus_24": 0.4551146430545432
        },
        "horizon_rmse": {
          "h_plus_1": 0.45106852334924713,
          "h_plus_6": 0.6067021024261254,
          "h_plus_12": 0.6213762557864138,
          "h_plus_24": 0.6288770386177541
        }
      }
    }
  }
}