{
  "dataset_summary": {
    "dataset_name": "UCI Individual Household Electric Power Consumption",
    "raw_rows": 1705949,
    "hourly_rows": 28801,
    "supervised_rows": 28441,
    "max_history_days": 1200
  },
  "best_model": "xgboost",
  "results": {
    "random_forest": {
      "validation": {
        "mae": 0.5062155220621641,
        "rmse": 0.6930520413260809,
        "mape": 55.690373644409775,
        "horizon_mae": {
          "h_plus_1": 0.3755996184258785,
          "h_plus_6": 0.511089555588188,
          "h_plus_12": 0.5237719192877751,
          "h_plus_24": 0.5072347416114679
        },
        "horizon_rmse": {
          "h_plus_1": 0.5499508879349506,
          "h_plus_6": 0.6989139098272504,
          "h_plus_12": 0.7062364038623312,
          "h_plus_24": 0.699310044249034
        }
      },
      "test": {
        "mae": 0.4096988406067874,
        "rmse": 0.5636062260833368,
        "mape": 57.9386214454387,
        "horizon_mae": {
          "h_plus_1": 0.31168555910568274,
          "h_plus_6": 0.4113870757339537,
          "h_plus_12": 0.41854822759212107,
          "h_plus_24": 0.41414042467812306
        },
        "horizon_rmse": {
          "h_plus_1": 0.45272251316917994,
          "h_plus_6": 0.5683716568129002,
          "h_plus_12": 0.5726933289957294,
          "h_plus_24": 0.575242443489205
        }
      }
    },
    "xgboost": {
      "validation": {
        "mae": 0.49237802401347625,
        "rmse": 0.6810527217761696,
        "mape": 53.477897604978885,
        "horizon_mae": {
          "h_plus_1": 0.34409873000648794,
          "h_plus_6": 0.49295004722304475,
          "h_plus_12": 0.5062852553611489,
          "h_plus_24": 0.5030823078565954
        },
        "horizon_rmse": {
          "h_plus_1": 0.5066123458668008,
          "h_plus_6": 0.6826347887003752,
          "h_plus_12": 0.6979163099621258,
          "h_plus_24": 0.691775141596906
        }
      },
      "test": {
        "mae": 0.4010042656218205,
        "rmse": 0.5589435250621108,
        "mape": 55.81322751125612,
        "horizon_mae": {
          "h_plus_1": 0.2906519755306579,
          "h_plus_6": 0.4018658432590744,
          "h_plus_12": 0.40937393208370965,
          "h_plus_24": 0.41574524880120745
        },
        "horizon_rmse": {
          "h_plus_1": 0.43157823434845566,
          "h_plus_6": 0.559650643636821,
          "h_plus_12": 0.5713896699010834,
          "h_plus_24": 0.5789720168792903
        }
      }
    }
  }
}